<?xml version="1.0" ?><annotation>
	<folder>banana</folder>
	<filename>604.qoi</filename>
	<path>raw_orig/img/604.qoi</path>
	<source>
		<database>Unknown</database>
	</source>
	<size>
		<width>64</width>
		<height>64</height>
		<depth>3</depth>
	</size>
	<segmented>0</segmented>
	<object>
		<name>banana</name>
		<pose>Unspecified</pose>
		<truncated>1</truncated>
		<difficult>0</difficult>
		<bndbox>
			<xmin>7</xmin>
			<ymin>20</ymin>
			<xmax>64</xmax>
			<ymax>37</ymax>
		</bndbox>
		<val>0</val>
	</object>
</annotation>