<?xml version="1.0" ?><annotation>
	<folder>banana</folder>
	<filename>798.qoi</filename>
	<path>raw_orig/img/798.qoi</path>
	<source>
		<database>Unknown</database>
	</source>
	<size>
		<width>64</width>
		<height>64</height>
		<depth>3</depth>
	</size>
	<segmented>0</segmented>
	<object>
		<name>banana</name>
		<pose>Unspecified</pose>
		<truncated>0</truncated>
		<difficult>0</difficult>
		<bndbox>
			<xmin>16</xmin>
			<ymin>19</ymin>
			<xmax>51</xmax>
			<ymax>55</ymax>
		</bndbox>
		<val>1</val>
	</object>
</annotation>